time,deviceId,measurementIndex,topic,value,unit
2024-04-01 04:25:50.010000+00:00,https://react2020.eu/device/VIC-GXHQ20503L3SA-1,1,VIC-100000002e73bcb2/data,265.1,DEG_C
2024-04-01 04:26:50.011000+00:00,https://react2020.eu/device/VIC-GXHQ20503L3SA-1,1,VIC-100000002e73bcb2/data,265.1,DEG_C
2024-04-01 04:27:50.009000+00:00,https://react2020.eu/device/VIC-GXHQ20503L3SA-1,1,VIC-100000002e73bcb2/data,265.1,DEG_C
2024-04-01 04:28:50.008000+00:00,https://react2020.eu/device/VIC-GXHQ20503L3SA-1,1,VIC-100000002e73bcb2/data,265.1,DEG_C
2024-04-01 04:29:50.014000+00:00,https://react2020.eu/device/VIC-GXHQ20503L3SA-1,1,VIC-100000002e73bcb2/data,265.1,DEG_C
2024-04-01 04:30:50.012000+00:00,https://react2020.eu/device/VIC-GXHQ20503L3SA-1,1,VIC-100000002e73bcb2/data,265.1,DEG_C
2024-04-01 04:31:50.008000+00:00,https://react2020.eu/device/VIC-GXHQ20503L3SA-1,1,VIC-100000002e73bcb2/data,265.1,DEG_C
2024-04-01 04:32:50.009000+00:00,https://react2020.eu/device/VIC-GXHQ20503L3SA-1,1,VIC-100000002e73bcb2/data,265.1,DEG_C
2024-04-01 04:33:50.009000+00:00,https://react2020.eu/device/VIC-GXHQ20503L3SA-1,1,VIC-100000002e73bcb2/data,265.1,DEG_C
2024-04-01 04:34:50.009000+00:00,https://react2020.eu/device/VIC-GXHQ20503L3SA-1,1,VIC-100000002e73bcb2/data,265.1,DEG_C
2024-04-01 04:35:50.011000+00:00,https://react2020.eu/device/VIC-GXHQ20503L3SA-1,1,VIC-100000002e73bcb2/data,265.1,DEG_C
2024-04-01 04:36:50.017000+00:00,https://react2020.eu/device/VIC-GXHQ20503L3SA-1,1,VIC-100000002e73bcb2/data,265.1,DEG_C
2024-04-01 04:37:50.009000+00:00,https://react2020.eu/device/VIC-GXHQ20503L3SA-1,1,VIC-100000002e73bcb2/data,265.1,DEG_C
2024-04-01 04:38:50.008000+00:00,https://react2020.eu/device/VIC-GXHQ20503L3SA-1,1,VIC-100000002e73bcb2/data,265.1,DEG_C
2024-04-01 04:39:50.026000+00:00,https://react2020.eu/device/VIC-GXHQ20503L3SA-1,1,VIC-100000002e73bcb2/data,265.1,DEG_C
2024-04-01 04:40:50.009000+00:00,https://react2020.eu/device/VIC-GXHQ20503L3SA-1,1,VIC-100000002e73bcb2/data,265.1,DEG_C
2024-04-01 04:41:50.014000+00:00,https://react2020.eu/device/VIC-GXHQ20503L3SA-1,1,VIC-100000002e73bcb2/data,265.1,DEG_C
2024-04-01 04:42:50.012000+00:00,https://react2020.eu/device/VIC-GXHQ20503L3SA-1,1,VIC-100000002e73bcb2/data,265.1,DEG_C
2024-04-01 04:43:50.010000+00:00,https://react2020.eu/device/VIC-GXHQ20503L3SA-1,1,VIC-100000002e73bcb2/data,265.1,DEG_C
2024-04-01 04:44:50.010000+00:00,https://react2020.eu/device/VIC-GXHQ20503L3SA-1,1,VIC-100000002e73bcb2/data,265.1,DEG_C
2024-04-01 04:45:50.010000+00:00,https://react2020.eu/device/VIC-GXHQ20503L3SA-1,1,VIC-100000002e73bcb2/data,265.1,DEG_C
2024-04-01 04:46:50.009000+00:00,https://react2020.eu/device/VIC-GXHQ20503L3SA-1,1,VIC-100000002e73bcb2/data,265.1,DEG_C
2024-04-01 04:47:50.015000+00:00,https://react2020.eu/device/VIC-GXHQ20503L3SA-1,1,VIC-100000002e73bcb2/data,265.1,DEG_C
2024-04-01 04:48:50.021000+00:00,https://react2020.eu/device/VIC-GXHQ20503L3SA-1,1,VIC-100000002e73bcb2/data,265.1,DEG_C
2024-04-01 04:49:50.008000+00:00,https://react2020.eu/device/VIC-GXHQ20503L3SA-1,1,VIC-100000002e73bcb2/data,265.1,DEG_C
2024-04-01 04:50:50.009000+00:00,https://react2020.eu/device/VIC-GXHQ20503L3SA-1,1,VIC-100000002e73bcb2/data,265.1,DEG_C
2024-04-01 04:51:50.009000+00:00,https://react2020.eu/device/VIC-GXHQ20503L3SA-1,1,VIC-100000002e73bcb2/data,265.1,DEG_C
2024-04-01 04:52:50.009000+00:00,https://react2020.eu/device/VIC-GXHQ20503L3SA-1,1,VIC-100000002e73bcb2/data,265.1,DEG_C
2024-04-01 04:53:50.010000+00:00,https://react2020.eu/device/VIC-GXHQ20503L3SA-1,1,VIC-100000002e73bcb2/data,265.1,DEG_C
2024-04-01 04:54:50.015000+00:00,https://react2020.eu/device/VIC-GXHQ20503L3SA-1,1,VIC-100000002e73bcb2/data,265.1,DEG_C
2024-04-01 04:55:50.009000+00:00,https://react2020.eu/device/VIC-GXHQ20503L3SA-1,1,VIC-100000002e73bcb2/data,265.1,DEG_C
2024-04-01 04:56:50.009000+00:00,https://react2020.eu/device/VIC-GXHQ20503L3SA-1,1,VIC-100000002e73bcb2/data,265.1,DEG_C
2024-04-01 04:57:50.009000+00:00,https://react2020.eu/device/VIC-GXHQ20503L3SA-1,1,VIC-100000002e73bcb2/data,265.1,DEG_C
2024-04-01 04:58:50.009000+00:00,https://react2020.eu/device/VIC-GXHQ20503L3SA-1,1,VIC-100000002e73bcb2/data,265.1,DEG_C
2024-04-01 04:59:50.010000+00:00,https://react2020.eu/device/VIC-GXHQ20503L3SA-1,1,VIC-100000002e73bcb2/data,265.1,DEG_C
2024-04-01 05:00:50.009000+00:00,https://react2020.eu/device/VIC-GXHQ20503L3SA-1,1,VIC-100000002e73bcb2/data,265.1,DEG_C
2024-04-01 05:01:50.008000+00:00,https://react2020.eu/device/VIC-GXHQ20503L3SA-1,1,VIC-100000002e73bcb2/data,265.1,DEG_C
2024-04-01 05:02:50.009000+00:00,https://react2020.eu/device/VIC-GXHQ20503L3SA-1,1,VIC-100000002e73bcb2/data,265.1,DEG_C
2024-04-01 05:03:50.010000+00:00,https://react2020.eu/device/VIC-GXHQ20503L3SA-1,1,VIC-100000002e73bcb2/data,265.1,DEG_C
2024-04-01 05:04:50.009000+00:00,https://react2020.eu/device/VIC-GXHQ20503L3SA-1,1,VIC-100000002e73bcb2/data,265.1,DEG_C
2024-04-01 05:05:50.010000+00:00,https://react2020.eu/device/VIC-GXHQ20503L3SA-1,1,VIC-100000002e73bcb2/data,265.1,DEG_C
2024-04-01 05:06:50.012000+00:00,https://react2020.eu/device/VIC-GXHQ20503L3SA-1,1,VIC-100000002e73bcb2/data,265.1,DEG_C
2024-04-01 05:07:50.009000+00:00,https://react2020.eu/device/VIC-GXHQ20503L3SA-1,1,VIC-100000002e73bcb2/data,265.0,DEG_C
2024-04-01 05:08:50.009000+00:00,https://react2020.eu/device/VIC-GXHQ20503L3SA-1,1,VIC-100000002e73bcb2/data,265.1,DEG_C
2024-04-01 05:09:50.009000+00:00,https://react2020.eu/device/VIC-GXHQ20503L3SA-1,1,VIC-100000002e73bcb2/data,265.1,DEG_C
2024-04-01 05:10:50.012000+00:00,https://react2020.eu/device/VIC-GXHQ20503L3SA-1,1,VIC-100000002e73bcb2/data,265.0,DEG_C
2024-04-01 05:11:50.008000+00:00,https://react2020.eu/device/VIC-GXHQ20503L3SA-1,1,VIC-100000002e73bcb2/data,265.1,DEG_C
2024-04-01 05:12:50.008000+00:00,https://react2020.eu/device/VIC-GXHQ20503L3SA-1,1,VIC-100000002e73bcb2/data,265.1,DEG_C
2024-04-01 05:13:50.009000+00:00,https://react2020.eu/device/VIC-GXHQ20503L3SA-1,1,VIC-100000002e73bcb2/data,265.0,DEG_C
2024-04-01 05:14:50.009000+00:00,https://react2020.eu/device/VIC-GXHQ20503L3SA-1,1,VIC-100000002e73bcb2/data,265.1,DEG_C
2024-04-01 05:15:50.008000+00:00,https://react2020.eu/device/VIC-GXHQ20503L3SA-1,1,VIC-100000002e73bcb2/data,265.1,DEG_C
2024-04-01 05:16:50.012000+00:00,https://react2020.eu/device/VIC-GXHQ20503L3SA-1,1,VIC-100000002e73bcb2/data,265.0,DEG_C
2024-04-01 05:17:50.017000+00:00,https://react2020.eu/device/VIC-GXHQ20503L3SA-1,1,VIC-100000002e73bcb2/data,265.1,DEG_C
2024-04-01 05:18:50.009000+00:00,https://react2020.eu/device/VIC-GXHQ20503L3SA-1,1,VIC-100000002e73bcb2/data,265.1,DEG_C
2024-04-01 05:19:50.009000+00:00,https://react2020.eu/device/VIC-GXHQ20503L3SA-1,1,VIC-100000002e73bcb2/data,264.6,DEG_C
2024-04-01 05:20:50.010000+00:00,https://react2020.eu/device/VIC-GXHQ20503L3SA-1,1,VIC-100000002e73bcb2/data,265.1,DEG_C
2024-04-01 05:21:50.010000+00:00,https://react2020.eu/device/VIC-GXHQ20503L3SA-1,1,VIC-100000002e73bcb2/data,265.1,DEG_C
2024-04-01 05:22:50.010000+00:00,https://react2020.eu/device/VIC-GXHQ20503L3SA-1,1,VIC-100000002e73bcb2/data,265.1,DEG_C
2024-04-01 05:23:50.008000+00:00,https://react2020.eu/device/VIC-GXHQ20503L3SA-1,1,VIC-100000002e73bcb2/data,265.1,DEG_C
2024-04-01 05:24:50.009000+00:00,https://react2020.eu/device/VIC-GXHQ20503L3SA-1,1,VIC-100000002e73bcb2/data,265.1,DEG_C
2024-04-01 05:25:50.009000+00:00,https://react2020.eu/device/VIC-GXHQ20503L3SA-1,1,VIC-100000002e73bcb2/data,265.0,DEG_C
2024-04-01 05:26:50.009000+00:00,https://react2020.eu/device/VIC-GXHQ20503L3SA-1,1,VIC-100000002e73bcb2/data,265.1,DEG_C
2024-04-01 05:27:50.025000+00:00,https://react2020.eu/device/VIC-GXHQ20503L3SA-1,1,VIC-100000002e73bcb2/data,265.1,DEG_C
2024-04-01 05:28:50.009000+00:00,https://react2020.eu/device/VIC-GXHQ20503L3SA-1,1,VIC-100000002e73bcb2/data,265.0,DEG_C
2024-04-01 05:29:50.013000+00:00,https://react2020.eu/device/VIC-GXHQ20503L3SA-1,1,VIC-100000002e73bcb2/data,265.1,DEG_C
2024-04-01 05:30:50.010000+00:00,https://react2020.eu/device/VIC-GXHQ20503L3SA-1,1,VIC-100000002e73bcb2/data,265.1,DEG_C
2024-04-01 05:31:50.009000+00:00,https://react2020.eu/device/VIC-GXHQ20503L3SA-1,1,VIC-100000002e73bcb2/data,265.0,DEG_C
2024-04-01 05:32:50.009000+00:00,https://react2020.eu/device/VIC-GXHQ20503L3SA-1,1,VIC-100000002e73bcb2/data,264.6,DEG_C
2024-04-01 05:33:50.010000+00:00,https://react2020.eu/device/VIC-GXHQ20503L3SA-1,1,VIC-100000002e73bcb2/data,265.2,DEG_C
2024-04-01 05:34:50.008000+00:00,https://react2020.eu/device/VIC-GXHQ20503L3SA-1,1,VIC-100000002e73bcb2/data,265.1,DEG_C
2024-04-01 05:35:50.009000+00:00,https://react2020.eu/device/VIC-GXHQ20503L3SA-1,1,VIC-100000002e73bcb2/data,265.1,DEG_C
2024-04-01 05:36:50.009000+00:00,https://react2020.eu/device/VIC-GXHQ20503L3SA-1,1,VIC-100000002e73bcb2/data,265.1,DEG_C
2024-04-01 05:37:50.008000+00:00,https://react2020.eu/device/VIC-GXHQ20503L3SA-1,1,VIC-100000002e73bcb2/data,265.2,DEG_C
2024-04-01 05:38:50.011000+00:00,https://react2020.eu/device/VIC-GXHQ20503L3SA-1,1,VIC-100000002e73bcb2/data,265.2,DEG_C
2024-04-01 05:39:50.010000+00:00,https://react2020.eu/device/VIC-GXHQ20503L3SA-1,1,VIC-100000002e73bcb2/data,265.1,DEG_C
2024-04-01 05:40:50.008000+00:00,https://react2020.eu/device/VIC-GXHQ20503L3SA-1,1,VIC-100000002e73bcb2/data,265.1,DEG_C
2024-04-01 05:41:50.009000+00:00,https://react2020.eu/device/VIC-GXHQ20503L3SA-1,1,VIC-100000002e73bcb2/data,265.1,DEG_C
2024-04-01 05:42:50.009000+00:00,https://react2020.eu/device/VIC-GXHQ20503L3SA-1,1,VIC-100000002e73bcb2/data,265.1,DEG_C
2024-04-01 05:43:50.011000+00:00,https://react2020.eu/device/VIC-GXHQ20503L3SA-1,1,VIC-100000002e73bcb2/data,265.2,DEG_C
2024-04-01 05:44:50.009000+00:00,https://react2020.eu/device/VIC-GXHQ20503L3SA-1,1,VIC-100000002e73bcb2/data,265.2,DEG_C
2024-04-01 05:45:50.009000+00:00,https://react2020.eu/device/VIC-GXHQ20503L3SA-1,1,VIC-100000002e73bcb2/data,264.7,DEG_C
2024-04-01 05:46:50.009000+00:00,https://react2020.eu/device/VIC-GXHQ20503L3SA-1,1,VIC-100000002e73bcb2/data,265.2,DEG_C
2024-04-01 05:47:50.008000+00:00,https://react2020.eu/device/VIC-GXHQ20503L3SA-1,1,VIC-100000002e73bcb2/data,265.2,DEG_C
2024-04-01 05:48:50.010000+00:00,https://react2020.eu/device/VIC-GXHQ20503L3SA-1,1,VIC-100000002e73bcb2/data,265.2,DEG_C
2024-04-01 05:49:50.009000+00:00,https://react2020.eu/device/VIC-GXHQ20503L3SA-1,1,VIC-100000002e73bcb2/data,265.2,DEG_C
2024-04-01 05:50:50.008000+00:00,https://react2020.eu/device/VIC-GXHQ20503L3SA-1,1,VIC-100000002e73bcb2/data,264.7,DEG_C
2024-04-01 05:51:50.009000+00:00,https://react2020.eu/device/VIC-GXHQ20503L3SA-1,1,VIC-100000002e73bcb2/data,265.2,DEG_C
2024-04-01 05:52:50.018000+00:00,https://react2020.eu/device/VIC-GXHQ20503L3SA-1,1,VIC-100000002e73bcb2/data,265.2,DEG_C
2024-04-01 05:53:50.009000+00:00,https://react2020.eu/device/VIC-GXHQ20503L3SA-1,1,VIC-100000002e73bcb2/data,265.2,DEG_C
2024-04-01 05:54:50.013000+00:00,https://react2020.eu/device/VIC-GXHQ20503L3SA-1,1,VIC-100000002e73bcb2/data,264.7,DEG_C
2024-04-01 05:55:50.009000+00:00,https://react2020.eu/device/VIC-GXHQ20503L3SA-1,1,VIC-100000002e73bcb2/data,265.3,DEG_C
2024-04-01 05:56:50.009000+00:00,https://react2020.eu/device/VIC-GXHQ20503L3SA-1,1,VIC-100000002e73bcb2/data,264.7,DEG_C
2024-04-01 05:57:50.009000+00:00,https://react2020.eu/device/VIC-GXHQ20503L3SA-1,1,VIC-100000002e73bcb2/data,264.8,DEG_C
2024-04-01 05:58:50.009000+00:00,https://react2020.eu/device/VIC-GXHQ20503L3SA-1,1,VIC-100000002e73bcb2/data,265.3,DEG_C
2024-04-01 05:59:50.032000+00:00,https://react2020.eu/device/VIC-GXHQ20503L3SA-1,1,VIC-100000002e73bcb2/data,265.3,DEG_C
2024-04-01 06:00:50.009000+00:00,https://react2020.eu/device/VIC-GXHQ20503L3SA-1,1,VIC-100000002e73bcb2/data,265.3,DEG_C
2024-04-01 06:01:50.009000+00:00,https://react2020.eu/device/VIC-GXHQ20503L3SA-1,1,VIC-100000002e73bcb2/data,264.8,DEG_C
2024-04-01 06:02:50.009000+00:00,https://react2020.eu/device/VIC-GXHQ20503L3SA-1,1,VIC-100000002e73bcb2/data,265.3,DEG_C
2024-04-01 06:03:50.016000+00:00,https://react2020.eu/device/VIC-GXHQ20503L3SA-1,1,VIC-100000002e73bcb2/data,265.2,DEG_C
2024-04-01 06:04:50.022000+00:00,https://react2020.eu/device/VIC-GXHQ20503L3SA-1,1,VIC-100000002e73bcb2/data,265.3,DEG_C
2024-04-01 06:05:50.009000+00:00,https://react2020.eu/device/VIC-GXHQ20503L3SA-1,1,VIC-100000002e73bcb2/data,265.40000000000003,DEG_C
2024-04-01 06:06:50.010000+00:00,https://react2020.eu/device/VIC-GXHQ20503L3SA-1,1,VIC-100000002e73bcb2/data,264.8,DEG_C
2024-04-01 06:07:50.009000+00:00,https://react2020.eu/device/VIC-GXHQ20503L3SA-1,1,VIC-100000002e73bcb2/data,265.40000000000003,DEG_C
2024-04-01 06:08:50.010000+00:00,https://react2020.eu/device/VIC-GXHQ20503L3SA-1,1,VIC-100000002e73bcb2/data,265.40000000000003,DEG_C
2024-04-01 06:09:50.009000+00:00,https://react2020.eu/device/VIC-GXHQ20503L3SA-1,1,VIC-100000002e73bcb2/data,265.3,DEG_C
2024-04-01 06:10:50.009000+00:00,https://react2020.eu/device/VIC-GXHQ20503L3SA-1,1,VIC-100000002e73bcb2/data,265.40000000000003,DEG_C
2024-04-01 06:11:50.009000+00:00,https://react2020.eu/device/VIC-GXHQ20503L3SA-1,1,VIC-100000002e73bcb2/data,264.90000000000003,DEG_C
2024-04-01 06:12:50.009000+00:00,https://react2020.eu/device/VIC-GXHQ20503L3SA-1,1,VIC-100000002e73bcb2/data,264.90000000000003,DEG_C
2024-04-01 06:13:50.011000+00:00,https://react2020.eu/device/VIC-GXHQ20503L3SA-1,1,VIC-100000002e73bcb2/data,265.40000000000003,DEG_C
2024-04-01 06:14:50.009000+00:00,https://react2020.eu/device/VIC-GXHQ20503L3SA-1,1,VIC-100000002e73bcb2/data,265.0,DEG_C
2024-04-01 06:15:50.009000+00:00,https://react2020.eu/device/VIC-GXHQ20503L3SA-1,1,VIC-100000002e73bcb2/data,265.40000000000003,DEG_C
2024-04-01 06:16:50.009000+00:00,https://react2020.eu/device/VIC-GXHQ20503L3SA-1,1,VIC-100000002e73bcb2/data,265.40000000000003,DEG_C
2024-04-01 06:17:50.015000+00:00,https://react2020.eu/device/VIC-GXHQ20503L3SA-1,1,VIC-100000002e73bcb2/data,265.5,DEG_C
2024-04-01 06:18:50.017000+00:00,https://react2020.eu/device/VIC-GXHQ20503L3SA-1,1,VIC-100000002e73bcb2/data,265.5,DEG_C
2024-04-01 06:19:50.015000+00:00,https://react2020.eu/device/VIC-GXHQ20503L3SA-1,1,VIC-100000002e73bcb2/data,265.40000000000003,DEG_C
2024-04-01 06:20:50.009000+00:00,https://react2020.eu/device/VIC-GXHQ20503L3SA-1,1,VIC-100000002e73bcb2/data,264.8,DEG_C
2024-04-01 06:21:50.009000+00:00,https://react2020.eu/device/VIC-GXHQ20503L3SA-1,1,VIC-100000002e73bcb2/data,265.3,DEG_C
2024-04-01 06:22:50.012000+00:00,https://react2020.eu/device/VIC-GXHQ20503L3SA-1,1,VIC-100000002e73bcb2/data,265.40000000000003,DEG_C
2024-04-01 06:23:50.014000+00:00,https://react2020.eu/device/VIC-GXHQ20503L3SA-1,1,VIC-100000002e73bcb2/data,265.40000000000003,DEG_C
2024-04-01 06:24:50.009000+00:00,https://react2020.eu/device/VIC-GXHQ20503L3SA-1,1,VIC-100000002e73bcb2/data,264.90000000000003,DEG_C
2024-04-01 06:25:50.009000+00:00,https://react2020.eu/device/VIC-GXHQ20503L3SA-1,1,VIC-100000002e73bcb2/data,265.0,DEG_C
2024-04-01 06:26:50.008000+00:00,https://react2020.eu/device/VIC-GXHQ20503L3SA-1,1,VIC-100000002e73bcb2/data,265.0,DEG_C
2024-04-01 06:27:50.010000+00:00,https://react2020.eu/device/VIC-GXHQ20503L3SA-1,1,VIC-100000002e73bcb2/data,265.0,DEG_C
2024-04-01 06:28:50.015000+00:00,https://react2020.eu/device/VIC-GXHQ20503L3SA-1,1,VIC-100000002e73bcb2/data,265.1,DEG_C
2024-04-01 06:29:50.009000+00:00,https://react2020.eu/device/VIC-GXHQ20503L3SA-1,1,VIC-100000002e73bcb2/data,265.5,DEG_C
2024-04-01 06:30:50.009000+00:00,https://react2020.eu/device/VIC-GXHQ20503L3SA-1,1,VIC-100000002e73bcb2/data,265.0,DEG_C
2024-04-01 06:31:50.009000+00:00,https://react2020.eu/device/VIC-GXHQ20503L3SA-1,1,VIC-100000002e73bcb2/data,265.5,DEG_C
2024-04-01 06:32:50.011000+00:00,https://react2020.eu/device/VIC-GXHQ20503L3SA-1,1,VIC-100000002e73bcb2/data,265.0,DEG_C
2024-04-01 06:33:50.009000+00:00,https://react2020.eu/device/VIC-GXHQ20503L3SA-1,1,VIC-100000002e73bcb2/data,265.0,DEG_C
2024-04-01 06:34:50.009000+00:00,https://react2020.eu/device/VIC-GXHQ20503L3SA-1,1,VIC-100000002e73bcb2/data,265.1,DEG_C
2024-04-01 06:35:50.012000+00:00,https://react2020.eu/device/VIC-GXHQ20503L3SA-1,1,VIC-100000002e73bcb2/data,265.0,DEG_C
2024-04-01 06:36:50.009000+00:00,https://react2020.eu/device/VIC-GXHQ20503L3SA-1,1,VIC-100000002e73bcb2/data,265.0,DEG_C
2024-04-01 06:37:50.014000+00:00,https://react2020.eu/device/VIC-GXHQ20503L3SA-1,1,VIC-100000002e73bcb2/data,265.1,DEG_C
2024-04-01 06:38:50.009000+00:00,https://react2020.eu/device/VIC-GXHQ20503L3SA-1,1,VIC-100000002e73bcb2/data,264.90000000000003,DEG_C
2024-04-01 06:39:50.009000+00:00,https://react2020.eu/device/VIC-GXHQ20503L3SA-1,1,VIC-100000002e73bcb2/data,265.5,DEG_C
2024-04-01 06:40:50.009000+00:00,https://react2020.eu/device/VIC-GXHQ20503L3SA-1,1,VIC-100000002e73bcb2/data,265.1,DEG_C
2024-04-01 06:41:50.010000+00:00,https://react2020.eu/device/VIC-GXHQ20503L3SA-1,1,VIC-100000002e73bcb2/data,265.0,DEG_C
2024-04-01 06:42:50.022000+00:00,https://react2020.eu/device/VIC-GXHQ20503L3SA-1,1,VIC-100000002e73bcb2/data,265.0,DEG_C
2024-04-01 06:43:50.009000+00:00,https://react2020.eu/device/VIC-GXHQ20503L3SA-1,1,VIC-100000002e73bcb2/data,265.1,DEG_C
2024-04-01 06:44:50.009000+00:00,https://react2020.eu/device/VIC-GXHQ20503L3SA-1,1,VIC-100000002e73bcb2/data,265.0,DEG_C
2024-04-01 06:45:50.009000+00:00,https://react2020.eu/device/VIC-GXHQ20503L3SA-1,1,VIC-100000002e73bcb2/data,265.0,DEG_C
2024-04-01 06:46:50.010000+00:00,https://react2020.eu/device/VIC-GXHQ20503L3SA-1,1,VIC-100000002e73bcb2/data,265.1,DEG_C
2024-04-01 06:47:50.009000+00:00,https://react2020.eu/device/VIC-GXHQ20503L3SA-1,1,VIC-100000002e73bcb2/data,265.5,DEG_C
2024-04-01 06:48:50.008000+00:00,https://react2020.eu/device/VIC-GXHQ20503L3SA-1,1,VIC-100000002e73bcb2/data,265.0,DEG_C
2024-04-01 06:49:50.011000+00:00,https://react2020.eu/device/VIC-GXHQ20503L3SA-1,1,VIC-100000002e73bcb2/data,265.1,DEG_C
2024-04-01 06:50:50.011000+00:00,https://react2020.eu/device/VIC-GXHQ20503L3SA-1,1,VIC-100000002e73bcb2/data,265.5,DEG_C
2024-04-01 06:51:50.009000+00:00,https://react2020.eu/device/VIC-GXHQ20503L3SA-1,1,VIC-100000002e73bcb2/data,265.0,DEG_C
2024-04-01 06:52:50.009000+00:00,https://react2020.eu/device/VIC-GXHQ20503L3SA-1,1,VIC-100000002e73bcb2/data,265.1,DEG_C
2024-04-01 06:53:50.008000+00:00,https://react2020.eu/device/VIC-GXHQ20503L3SA-1,1,VIC-100000002e73bcb2/data,265.1,DEG_C
2024-04-01 06:54:50.009000+00:00,https://react2020.eu/device/VIC-GXHQ20503L3SA-1,1,VIC-100000002e73bcb2/data,265.0,DEG_C
2024-04-01 06:55:50.010000+00:00,https://react2020.eu/device/VIC-GXHQ20503L3SA-1,1,VIC-100000002e73bcb2/data,265.1,DEG_C
2024-04-01 06:56:50.009000+00:00,https://react2020.eu/device/VIC-GXHQ20503L3SA-1,1,VIC-100000002e73bcb2/data,265.1,DEG_C
2024-04-01 06:57:50.009000+00:00,https://react2020.eu/device/VIC-GXHQ20503L3SA-1,1,VIC-100000002e73bcb2/data,265.1,DEG_C
2024-04-01 06:58:50.009000+00:00,https://react2020.eu/device/VIC-GXHQ20503L3SA-1,1,VIC-100000002e73bcb2/data,265.1,DEG_C
2024-04-01 06:59:50.018000+00:00,https://react2020.eu/device/VIC-GXHQ20503L3SA-1,1,VIC-100000002e73bcb2/data,265.1,DEG_C
2024-04-01 07:00:50.012000+00:00,https://react2020.eu/device/VIC-GXHQ20503L3SA-1,1,VIC-100000002e73bcb2/data,265.1,DEG_C
2024-04-01 07:01:50.009000+00:00,https://react2020.eu/device/VIC-GXHQ20503L3SA-1,1,VIC-100000002e73bcb2/data,265.1,DEG_C
2024-04-01 07:02:50.009000+00:00,https://react2020.eu/device/VIC-GXHQ20503L3SA-1,1,VIC-100000002e73bcb2/data,265.1,DEG_C
2024-04-01 07:03:50.017000+00:00,https://react2020.eu/device/VIC-GXHQ20503L3SA-1,1,VIC-100000002e73bcb2/data,265.1,DEG_C
2024-04-01 07:04:50.010000+00:00,https://react2020.eu/device/VIC-GXHQ20503L3SA-1,1,VIC-100000002e73bcb2/data,265.1,DEG_C
2024-04-01 07:05:50.009000+00:00,https://react2020.eu/device/VIC-GXHQ20503L3SA-1,1,VIC-100000002e73bcb2/data,265.1,DEG_C
2024-04-01 07:06:50.010000+00:00,https://react2020.eu/device/VIC-GXHQ20503L3SA-1,1,VIC-100000002e73bcb2/data,265.1,DEG_C
2024-04-01 07:07:50.008000+00:00,https://react2020.eu/device/VIC-GXHQ20503L3SA-1,1,VIC-100000002e73bcb2/data,265.0,DEG_C
2024-04-01 07:08:50.011000+00:00,https://react2020.eu/device/VIC-GXHQ20503L3SA-1,1,VIC-100000002e73bcb2/data,265.1,DEG_C
2024-04-01 07:09:50.009000+00:00,https://react2020.eu/device/VIC-GXHQ20503L3SA-1,1,VIC-100000002e73bcb2/data,265.1,DEG_C
2024-04-01 07:10:50.010000+00:00,https://react2020.eu/device/VIC-GXHQ20503L3SA-1,1,VIC-100000002e73bcb2/data,265.1,DEG_C
2024-04-01 07:11:50.010000+00:00,https://react2020.eu/device/VIC-GXHQ20503L3SA-1,1,VIC-100000002e73bcb2/data,265.1,DEG_C
2024-04-01 07:12:50.010000+00:00,https://react2020.eu/device/VIC-GXHQ20503L3SA-1,1,VIC-100000002e73bcb2/data,265.1,DEG_C
2024-04-01 07:13:50.010000+00:00,https://react2020.eu/device/VIC-GXHQ20503L3SA-1,1,VIC-100000002e73bcb2/data,265.1,DEG_C
2024-04-01 07:14:50.009000+00:00,https://react2020.eu/device/VIC-GXHQ20503L3SA-1,1,VIC-100000002e73bcb2/data,265.1,DEG_C
2024-04-01 07:15:50.009000+00:00,https://react2020.eu/device/VIC-GXHQ20503L3SA-1,1,VIC-100000002e73bcb2/data,265.1,DEG_C
2024-04-01 07:16:50.008000+00:00,https://react2020.eu/device/VIC-GXHQ20503L3SA-1,1,VIC-100000002e73bcb2/data,265.1,DEG_C
2024-04-01 07:17:50.010000+00:00,https://react2020.eu/device/VIC-GXHQ20503L3SA-1,1,VIC-100000002e73bcb2/data,265.1,DEG_C
2024-04-01 07:18:50.008000+00:00,https://react2020.eu/device/VIC-GXHQ20503L3SA-1,1,VIC-100000002e73bcb2/data,265.1,DEG_C
2024-04-01 07:19:50.009000+00:00,https://react2020.eu/device/VIC-GXHQ20503L3SA-1,1,VIC-100000002e73bcb2/data,265.0,DEG_C
2024-04-01 07:20:50.008000+00:00,https://react2020.eu/device/VIC-GXHQ20503L3SA-1,1,VIC-100000002e73bcb2/data,265.1,DEG_C
2024-04-01 07:21:50.018000+00:00,https://react2020.eu/device/VIC-GXHQ20503L3SA-1,1,VIC-100000002e73bcb2/data,265.1,DEG_C
2024-04-01 07:22:50.016000+00:00,https://react2020.eu/device/VIC-GXHQ20503L3SA-1,1,VIC-100000002e73bcb2/data,265.0,DEG_C
2024-04-01 07:23:50.009000+00:00,https://react2020.eu/device/VIC-GXHQ20503L3SA-1,1,VIC-100000002e73bcb2/data,265.1,DEG_C
2024-04-01 07:24:50.009000+00:00,https://react2020.eu/device/VIC-GXHQ20503L3SA-1,1,VIC-100000002e73bcb2/data,265.1,DEG_C
2024-04-01 07:25:50.008000+00:00,https://react2020.eu/device/VIC-GXHQ20503L3SA-1,1,VIC-100000002e73bcb2/data,265.5,DEG_C
2024-04-01 07:26:50.014000+00:00,https://react2020.eu/device/VIC-GXHQ20503L3SA-1,1,VIC-100000002e73bcb2/data,265.1,DEG_C
2024-04-01 07:27:50.009000+00:00,https://react2020.eu/device/VIC-GXHQ20503L3SA-1,1,VIC-100000002e73bcb2/data,265.1,DEG_C
2024-04-01 07:28:50.008000+00:00,https://react2020.eu/device/VIC-GXHQ20503L3SA-1,1,VIC-100000002e73bcb2/data,265.0,DEG_C
2024-04-01 07:29:50.008000+00:00,https://react2020.eu/device/VIC-GXHQ20503L3SA-1,1,VIC-100000002e73bcb2/data,265.1,DEG_C
2024-04-01 07:30:50.009000+00:00,https://react2020.eu/device/VIC-GXHQ20503L3SA-1,1,VIC-100000002e73bcb2/data,265.1,DEG_C
2024-04-01 07:31:50.010000+00:00,https://react2020.eu/device/VIC-GXHQ20503L3SA-1,1,VIC-100000002e73bcb2/data,265.5,DEG_C
2024-04-01 07:32:50.008000+00:00,https://react2020.eu/device/VIC-GXHQ20503L3SA-1,1,VIC-100000002e73bcb2/data,265.0,DEG_C
2024-04-01 07:33:50.009000+00:00,https://react2020.eu/device/VIC-GXHQ20503L3SA-1,1,VIC-100000002e73bcb2/data,265.1,DEG_C
2024-04-01 07:34:50.009000+00:00,https://react2020.eu/device/VIC-GXHQ20503L3SA-1,1,VIC-100000002e73bcb2/data,265.0,DEG_C
2024-04-01 07:35:50.010000+00:00,https://react2020.eu/device/VIC-GXHQ20503L3SA-1,1,VIC-100000002e73bcb2/data,265.0,DEG_C
2024-04-01 07:36:50.008000+00:00,https://react2020.eu/device/VIC-GXHQ20503L3SA-1,1,VIC-100000002e73bcb2/data,265.5,DEG_C
2024-04-01 07:37:50.010000+00:00,https://react2020.eu/device/VIC-GXHQ20503L3SA-1,1,VIC-100000002e73bcb2/data,265.0,DEG_C
2024-04-01 07:38:50.008000+00:00,https://react2020.eu/device/VIC-GXHQ20503L3SA-1,1,VIC-100000002e73bcb2/data,265.0,DEG_C
2024-04-01 07:39:50.010000+00:00,https://react2020.eu/device/VIC-GXHQ20503L3SA-1,1,VIC-100000002e73bcb2/data,265.0,DEG_C
2024-04-01 07:40:50.009000+00:00,https://react2020.eu/device/VIC-GXHQ20503L3SA-1,1,VIC-100000002e73bcb2/data,265.1,DEG_C
2024-04-01 07:41:50.008000+00:00,https://react2020.eu/device/VIC-GXHQ20503L3SA-1,1,VIC-100000002e73bcb2/data,265.5,DEG_C
2024-04-01 07:42:50.010000+00:00,https://react2020.eu/device/VIC-GXHQ20503L3SA-1,1,VIC-100000002e73bcb2/data,265.0,DEG_C
2024-04-01 07:43:50.011000+00:00,https://react2020.eu/device/VIC-GXHQ20503L3SA-1,1,VIC-100000002e73bcb2/data,265.5,DEG_C
2024-04-01 07:44:50.008000+00:00,https://react2020.eu/device/VIC-GXHQ20503L3SA-1,1,VIC-100000002e73bcb2/data,265.0,DEG_C
2024-04-01 07:45:50.009000+00:00,https://react2020.eu/device/VIC-GXHQ20503L3SA-1,1,VIC-100000002e73bcb2/data,265.5,DEG_C
2024-04-01 07:46:50.008000+00:00,https://react2020.eu/device/VIC-GXHQ20503L3SA-1,1,VIC-100000002e73bcb2/data,265.5,DEG_C
2024-04-01 07:47:50.018000+00:00,https://react2020.eu/device/VIC-GXHQ20503L3SA-1,1,VIC-100000002e73bcb2/data,265.5,DEG_C
2024-04-01 07:48:50.009000+00:00,https://react2020.eu/device/VIC-GXHQ20503L3SA-1,1,VIC-100000002e73bcb2/data,265.5,DEG_C
2024-04-01 07:49:50.015000+00:00,https://react2020.eu/device/VIC-GXHQ20503L3SA-1,1,VIC-100000002e73bcb2/data,265.0,DEG_C
2024-04-01 07:50:50.009000+00:00,https://react2020.eu/device/VIC-GXHQ20503L3SA-1,1,VIC-100000002e73bcb2/data,265.6,DEG_C
2024-04-01 07:51:50.010000+00:00,https://react2020.eu/device/VIC-GXHQ20503L3SA-1,1,VIC-100000002e73bcb2/data,265.0,DEG_C
2024-04-01 07:52:50.009000+00:00,https://react2020.eu/device/VIC-GXHQ20503L3SA-1,1,VIC-100000002e73bcb2/data,265.5,DEG_C
2024-04-01 07:53:50.008000+00:00,https://react2020.eu/device/VIC-GXHQ20503L3SA-1,1,VIC-100000002e73bcb2/data,264.90000000000003,DEG_C
2024-04-01 07:54:50.011000+00:00,https://react2020.eu/device/VIC-GXHQ20503L3SA-1,1,VIC-100000002e73bcb2/data,265.40000000000003,DEG_C
2024-04-01 07:55:50.024000+00:00,https://react2020.eu/device/VIC-GXHQ20503L3SA-1,1,VIC-100000002e73bcb2/data,265.5,DEG_C
2024-04-01 07:56:50.009000+00:00,https://react2020.eu/device/VIC-GXHQ20503L3SA-1,1,VIC-100000002e73bcb2/data,264.90000000000003,DEG_C
2024-04-01 07:57:50.008000+00:00,https://react2020.eu/device/VIC-GXHQ20503L3SA-1,1,VIC-100000002e73bcb2/data,264.90000000000003,DEG_C
2024-04-01 07:58:50.007000+00:00,https://react2020.eu/device/VIC-GXHQ20503L3SA-1,1,VIC-100000002e73bcb2/data,265.0,DEG_C
2024-04-01 07:59:50.010000+00:00,https://react2020.eu/device/VIC-GXHQ20503L3SA-1,1,VIC-100000002e73bcb2/data,265.40000000000003,DEG_C
2024-04-01 08:00:50.009000+00:00,https://react2020.eu/device/VIC-GXHQ20503L3SA-1,1,VIC-100000002e73bcb2/data,265.40000000000003,DEG_C
2024-04-01 08:01:50.012000+00:00,https://react2020.eu/device/VIC-GXHQ20503L3SA-1,1,VIC-100000002e73bcb2/data,265.40000000000003,DEG_C
2024-04-01 08:02:50.008000+00:00,https://react2020.eu/device/VIC-GXHQ20503L3SA-1,1,VIC-100000002e73bcb2/data,264.8,DEG_C
2024-04-01 08:03:50.010000+00:00,https://react2020.eu/device/VIC-GXHQ20503L3SA-1,1,VIC-100000002e73bcb2/data,264.8,DEG_C
2024-04-01 08:04:50.010000+00:00,https://react2020.eu/device/VIC-GXHQ20503L3SA-1,1,VIC-100000002e73bcb2/data,265.40000000000003,DEG_C
2024-04-01 08:05:50.008000+00:00,https://react2020.eu/device/VIC-GXHQ20503L3SA-1,1,VIC-100000002e73bcb2/data,265.3,DEG_C
2024-04-01 08:06:50.009000+00:00,https://react2020.eu/device/VIC-GXHQ20503L3SA-1,1,VIC-100000002e73bcb2/data,264.7,DEG_C
2024-04-01 08:07:50.019000+00:00,https://react2020.eu/device/VIC-GXHQ20503L3SA-1,1,VIC-100000002e73bcb2/data,265.3,DEG_C
2024-04-01 08:08:50.008000+00:00,https://react2020.eu/device/VIC-GXHQ20503L3SA-1,1,VIC-100000002e73bcb2/data,265.3,DEG_C
2024-04-01 08:09:50.010000+00:00,https://react2020.eu/device/VIC-GXHQ20503L3SA-1,1,VIC-100000002e73bcb2/data,264.8,DEG_C
2024-04-01 08:10:50.009000+00:00,https://react2020.eu/device/VIC-GXHQ20503L3SA-1,1,VIC-100000002e73bcb2/data,265.3,DEG_C
2024-04-01 08:11:50.009000+00:00,https://react2020.eu/device/VIC-GXHQ20503L3SA-1,1,VIC-100000002e73bcb2/data,265.3,DEG_C
2024-04-01 08:12:50.016000+00:00,https://react2020.eu/device/VIC-GXHQ20503L3SA-1,1,VIC-100000002e73bcb2/data,264.7,DEG_C
2024-04-01 08:13:50.007000+00:00,https://react2020.eu/device/VIC-GXHQ20503L3SA-1,1,VIC-100000002e73bcb2/data,265.40000000000003,DEG_C
2024-04-01 08:14:50.008000+00:00,https://react2020.eu/device/VIC-GXHQ20503L3SA-1,1,VIC-100000002e73bcb2/data,265.3,DEG_C
2024-04-01 08:15:50.010000+00:00,https://react2020.eu/device/VIC-GXHQ20503L3SA-1,1,VIC-100000002e73bcb2/data,264.7,DEG_C
2024-04-01 08:16:50.010000+00:00,https://react2020.eu/device/VIC-GXHQ20503L3SA-1,1,VIC-100000002e73bcb2/data,265.2,DEG_C
2024-04-01 08:17:50.008000+00:00,https://react2020.eu/device/VIC-GXHQ20503L3SA-1,1,VIC-100000002e73bcb2/data,265.2,DEG_C
2024-04-01 08:18:50.019000+00:00,https://react2020.eu/device/VIC-GXHQ20503L3SA-1,1,VIC-100000002e73bcb2/data,264.7,DEG_C
2024-04-01 08:19:50.009000+00:00,https://react2020.eu/device/VIC-GXHQ20503L3SA-1,1,VIC-100000002e73bcb2/data,265.2,DEG_C
2024-04-01 08:20:50.010000+00:00,https://react2020.eu/device/VIC-GXHQ20503L3SA-1,1,VIC-100000002e73bcb2/data,265.3,DEG_C
2024-04-01 08:21:50.008000+00:00,https://react2020.eu/device/VIC-GXHQ20503L3SA-1,1,VIC-100000002e73bcb2/data,265.1,DEG_C
2024-04-01 08:22:50.009000+00:00,https://react2020.eu/device/VIC-GXHQ20503L3SA-1,1,VIC-100000002e73bcb2/data,265.1,DEG_C
2024-04-01 08:23:50.008000+00:00,https://react2020.eu/device/VIC-GXHQ20503L3SA-1,1,VIC-100000002e73bcb2/data,265.2,DEG_C
2024-04-01 08:24:50.011000+00:00,https://react2020.eu/device/VIC-GXHQ20503L3SA-1,1,VIC-100000002e73bcb2/data,265.2,DEG_C
2024-04-01 08:25:50.007000+00:00,https://react2020.eu/device/VIC-GXHQ20503L3SA-1,1,VIC-100000002e73bcb2/data,265.1,DEG_C
2024-04-01 08:26:50.008000+00:00,https://react2020.eu/device/VIC-GXHQ20503L3SA-1,1,VIC-100000002e73bcb2/data,265.1,DEG_C
2024-04-01 08:27:50.007000+00:00,https://react2020.eu/device/VIC-GXHQ20503L3SA-1,1,VIC-100000002e73bcb2/data,265.2,DEG_C
2024-04-01 08:28:50.012000+00:00,https://react2020.eu/device/VIC-GXHQ20503L3SA-1,1,VIC-100000002e73bcb2/data,265.2,DEG_C
2024-04-01 08:29:50.008000+00:00,https://react2020.eu/device/VIC-GXHQ20503L3SA-1,1,VIC-100000002e73bcb2/data,265.1,DEG_C
2024-04-01 08:30:50.008000+00:00,https://react2020.eu/device/VIC-GXHQ20503L3SA-1,1,VIC-100000002e73bcb2/data,265.1,DEG_C
2024-04-01 08:31:50.008000+00:00,https://react2020.eu/device/VIC-GXHQ20503L3SA-1,1,VIC-100000002e73bcb2/data,265.1,DEG_C
2024-04-01 08:32:50.009000+00:00,https://react2020.eu/device/VIC-GXHQ20503L3SA-1,1,VIC-100000002e73bcb2/data,264.6,DEG_C
2024-04-01 08:33:50.010000+00:00,https://react2020.eu/device/VIC-GXHQ20503L3SA-1,1,VIC-100000002e73bcb2/data,265.1,DEG_C
2024-04-01 08:34:50.008000+00:00,https://react2020.eu/device/VIC-GXHQ20503L3SA-1,1,VIC-100000002e73bcb2/data,265.1,DEG_C
2024-04-01 08:35:50.009000+00:00,https://react2020.eu/device/VIC-GXHQ20503L3SA-1,1,VIC-100000002e73bcb2/data,265.1,DEG_C
2024-04-01 08:36:50.020000+00:00,https://react2020.eu/device/VIC-GXHQ20503L3SA-1,1,VIC-100000002e73bcb2/data,265.1,DEG_C
2024-04-01 08:37:50.008000+00:00,https://react2020.eu/device/VIC-GXHQ20503L3SA-1,1,VIC-100000002e73bcb2/data,265.1,DEG_C
2024-04-01 08:38:50.007000+00:00,https://react2020.eu/device/VIC-GXHQ20503L3SA-1,1,VIC-100000002e73bcb2/data,265.1,DEG_C
2024-04-01 08:39:50.008000+00:00,https://react2020.eu/device/VIC-GXHQ20503L3SA-1,1,VIC-100000002e73bcb2/data,265.1,DEG_C
2024-04-01 08:40:50.015000+00:00,https://react2020.eu/device/VIC-GXHQ20503L3SA-1,1,VIC-100000002e73bcb2/data,265.1,DEG_C
2024-04-01 08:41:50.008000+00:00,https://react2020.eu/device/VIC-GXHQ20503L3SA-1,1,VIC-100000002e73bcb2/data,265.1,DEG_C
2024-04-01 08:42:50.007000+00:00,https://react2020.eu/device/VIC-GXHQ20503L3SA-1,1,VIC-100000002e73bcb2/data,265.1,DEG_C
2024-04-01 08:43:50.013000+00:00,https://react2020.eu/device/VIC-GXHQ20503L3SA-1,1,VIC-100000002e73bcb2/data,265.1,DEG_C
2024-04-01 08:44:50.015000+00:00,https://react2020.eu/device/VIC-GXHQ20503L3SA-1,1,VIC-100000002e73bcb2/data,265.1,DEG_C
2024-04-01 08:45:50.011000+00:00,https://react2020.eu/device/VIC-GXHQ20503L3SA-1,1,VIC-100000002e73bcb2/data,265.1,DEG_C
2024-04-01 08:46:50.008000+00:00,https://react2020.eu/device/VIC-GXHQ20503L3SA-1,1,VIC-100000002e73bcb2/data,265.1,DEG_C
2024-04-01 08:47:50.009000+00:00,https://react2020.eu/device/VIC-GXHQ20503L3SA-1,1,VIC-100000002e73bcb2/data,265.1,DEG_C
2024-04-01 08:48:50.008000+00:00,https://react2020.eu/device/VIC-GXHQ20503L3SA-1,1,VIC-100000002e73bcb2/data,265.1,DEG_C
2024-04-01 08:49:50.008000+00:00,https://react2020.eu/device/VIC-GXHQ20503L3SA-1,1,VIC-100000002e73bcb2/data,265.0,DEG_C
2024-04-01 08:50:50.009000+00:00,https://react2020.eu/device/VIC-GXHQ20503L3SA-1,1,VIC-100000002e73bcb2/data,265.1,DEG_C
2024-04-01 08:51:50.010000+00:00,https://react2020.eu/device/VIC-GXHQ20503L3SA-1,1,VIC-100000002e73bcb2/data,265.1,DEG_C
2024-04-01 08:52:50.008000+00:00,https://react2020.eu/device/VIC-GXHQ20503L3SA-1,1,VIC-100000002e73bcb2/data,265.1,DEG_C
2024-04-01 08:53:50.008000+00:00,https://react2020.eu/device/VIC-GXHQ20503L3SA-1,1,VIC-100000002e73bcb2/data,265.1,DEG_C
2024-04-01 08:54:50.007000+00:00,https://react2020.eu/device/VIC-GXHQ20503L3SA-1,1,VIC-100000002e73bcb2/data,265.1,DEG_C
2024-04-01 08:55:50.008000+00:00,https://react2020.eu/device/VIC-GXHQ20503L3SA-1,1,VIC-100000002e73bcb2/data,265.1,DEG_C
2024-04-01 08:56:50.011000+00:00,https://react2020.eu/device/VIC-GXHQ20503L3SA-1,1,VIC-100000002e73bcb2/data,265.1,DEG_C
2024-04-01 08:57:50.007000+00:00,https://react2020.eu/device/VIC-GXHQ20503L3SA-1,1,VIC-100000002e73bcb2/data,265.1,DEG_C
2024-04-01 08:58:50.007000+00:00,https://react2020.eu/device/VIC-GXHQ20503L3SA-1,1,VIC-100000002e73bcb2/data,265.1,DEG_C
2024-04-01 08:59:50.007000+00:00,https://react2020.eu/device/VIC-GXHQ20503L3SA-1,1,VIC-100000002e73bcb2/data,265.1,DEG_C
2024-04-01 09:00:50.012000+00:00,https://react2020.eu/device/VIC-GXHQ20503L3SA-1,1,VIC-100000002e73bcb2/data,265.1,DEG_C
2024-04-01 09:01:50.008000+00:00,https://react2020.eu/device/VIC-GXHQ20503L3SA-1,1,VIC-100000002e73bcb2/data,265.1,DEG_C
2024-04-01 09:02:50.008000+00:00,https://react2020.eu/device/VIC-GXHQ20503L3SA-1,1,VIC-100000002e73bcb2/data,265.1,DEG_C
2024-04-01 09:03:50.008000+00:00,https://react2020.eu/device/VIC-GXHQ20503L3SA-1,1,VIC-100000002e73bcb2/data,265.1,DEG_C
2024-04-01 09:04:50.010000+00:00,https://react2020.eu/device/VIC-GXHQ20503L3SA-1,1,VIC-100000002e73bcb2/data,265.1,DEG_C
2024-04-01 09:05:50.008000+00:00,https://react2020.eu/device/VIC-GXHQ20503L3SA-1,1,VIC-100000002e73bcb2/data,265.0,DEG_C
2024-04-01 09:06:50.008000+00:00,https://react2020.eu/device/VIC-GXHQ20503L3SA-1,1,VIC-100000002e73bcb2/data,265.1,DEG_C
2024-04-01 09:07:50.009000+00:00,https://react2020.eu/device/VIC-GXHQ20503L3SA-1,1,VIC-100000002e73bcb2/data,265.1,DEG_C
2024-04-01 09:08:50.008000+00:00,https://react2020.eu/device/VIC-GXHQ20503L3SA-1,1,VIC-100000002e73bcb2/data,265.1,DEG_C
2024-04-01 09:09:50.008000+00:00,https://react2020.eu/device/VIC-GXHQ20503L3SA-1,1,VIC-100000002e73bcb2/data,265.1,DEG_C
2024-04-01 09:10:50.008000+00:00,https://react2020.eu/device/VIC-GXHQ20503L3SA-1,1,VIC-100000002e73bcb2/data,265.1,DEG_C
2024-04-01 09:11:50.009000+00:00,https://react2020.eu/device/VIC-GXHQ20503L3SA-1,1,VIC-100000002e73bcb2/data,265.1,DEG_C
2024-04-01 09:12:50.008000+00:00,https://react2020.eu/device/VIC-GXHQ20503L3SA-1,1,VIC-100000002e73bcb2/data,265.1,DEG_C
2024-04-01 09:13:50.008000+00:00,https://react2020.eu/device/VIC-GXHQ20503L3SA-1,1,VIC-100000002e73bcb2/data,265.1,DEG_C
2024-04-01 09:14:50.007000+00:00,https://react2020.eu/device/VIC-GXHQ20503L3SA-1,1,VIC-100000002e73bcb2/data,265.1,DEG_C
2024-04-01 09:15:50.012000+00:00,https://react2020.eu/device/VIC-GXHQ20503L3SA-1,1,VIC-100000002e73bcb2/data,265.1,DEG_C
2024-04-01 09:16:50.009000+00:00,https://react2020.eu/device/VIC-GXHQ20503L3SA-1,1,VIC-100000002e73bcb2/data,265.1,DEG_C
2024-04-01 09:17:50.009000+00:00,https://react2020.eu/device/VIC-GXHQ20503L3SA-1,1,VIC-100000002e73bcb2/data,265.1,DEG_C
2024-04-01 09:18:50.010000+00:00,https://react2020.eu/device/VIC-GXHQ20503L3SA-1,1,VIC-100000002e73bcb2/data,265.1,DEG_C
2024-04-01 09:19:50.009000+00:00,https://react2020.eu/device/VIC-GXHQ20503L3SA-1,1,VIC-100000002e73bcb2/data,265.1,DEG_C
2024-04-01 09:20:50.010000+00:00,https://react2020.eu/device/VIC-GXHQ20503L3SA-1,1,VIC-100000002e73bcb2/data,265.1,DEG_C
2024-04-01 09:21:50.008000+00:00,https://react2020.eu/device/VIC-GXHQ20503L3SA-1,1,VIC-100000002e73bcb2/data,265.1,DEG_C
2024-04-01 09:22:50.009000+00:00,https://react2020.eu/device/VIC-GXHQ20503L3SA-1,1,VIC-100000002e73bcb2/data,265.1,DEG_C
2024-04-01 09:23:50.008000+00:00,https://react2020.eu/device/VIC-GXHQ20503L3SA-1,1,VIC-100000002e73bcb2/data,265.1,DEG_C
2024-04-01 09:24:50.007000+00:00,https://react2020.eu/device/VIC-GXHQ20503L3SA-1,1,VIC-100000002e73bcb2/data,265.1,DEG_C
2024-04-01 09:25:50.008000+00:00,https://react2020.eu/device/VIC-GXHQ20503L3SA-1,1,VIC-100000002e73bcb2/data,265.1,DEG_C
2024-04-01 09:26:50.009000+00:00,https://react2020.eu/device/VIC-GXHQ20503L3SA-1,1,VIC-100000002e73bcb2/data,265.1,DEG_C
2024-04-01 09:27:50.007000+00:00,https://react2020.eu/device/VIC-GXHQ20503L3SA-1,1,VIC-100000002e73bcb2/data,265.0,DEG_C
2024-04-01 09:28:50.008000+00:00,https://react2020.eu/device/VIC-GXHQ20503L3SA-1,1,VIC-100000002e73bcb2/data,265.1,DEG_C
2024-04-01 09:29:50.008000+00:00,https://react2020.eu/device/VIC-GXHQ20503L3SA-1,1,VIC-100000002e73bcb2/data,265.1,DEG_C
2024-04-01 09:30:50.013000+00:00,https://react2020.eu/device/VIC-GXHQ20503L3SA-1,1,VIC-100000002e73bcb2/data,265.0,DEG_C
2024-04-01 09:31:50.008000+00:00,https://react2020.eu/device/VIC-GXHQ20503L3SA-1,1,VIC-100000002e73bcb2/data,265.0,DEG_C
2024-04-01 09:32:50.008000+00:00,https://react2020.eu/device/VIC-GXHQ20503L3SA-1,1,VIC-100000002e73bcb2/data,265.0,DEG_C
2024-04-01 09:33:50.013000+00:00,https://react2020.eu/device/VIC-GXHQ20503L3SA-1,1,VIC-100000002e73bcb2/data,265.0,DEG_C
2024-04-01 09:34:50.010000+00:00,https://react2020.eu/device/VIC-GXHQ20503L3SA-1,1,VIC-100000002e73bcb2/data,265.0,DEG_C
2024-04-01 09:35:50.011000+00:00,https://react2020.eu/device/VIC-GXHQ20503L3SA-1,1,VIC-100000002e73bcb2/data,265.0,DEG_C
2024-04-01 09:36:50.009000+00:00,https://react2020.eu/device/VIC-GXHQ20503L3SA-1,1,VIC-100000002e73bcb2/data,265.0,DEG_C
2024-04-01 09:37:50.009000+00:00,https://react2020.eu/device/VIC-GXHQ20503L3SA-1,1,VIC-100000002e73bcb2/data,265.0,DEG_C
2024-04-01 09:38:50.008000+00:00,https://react2020.eu/device/VIC-GXHQ20503L3SA-1,1,VIC-100000002e73bcb2/data,265.0,DEG_C
2024-04-01 09:39:50.008000+00:00,https://react2020.eu/device/VIC-GXHQ20503L3SA-1,1,VIC-100000002e73bcb2/data,265.0,DEG_C
2024-04-01 09:40:50.015000+00:00,https://react2020.eu/device/VIC-GXHQ20503L3SA-1,1,VIC-100000002e73bcb2/data,265.40000000000003,DEG_C
2024-04-01 09:41:50.009000+00:00,https://react2020.eu/device/VIC-GXHQ20503L3SA-1,1,VIC-100000002e73bcb2/data,264.8,DEG_C
2024-04-01 09:42:50.008000+00:00,https://react2020.eu/device/VIC-GXHQ20503L3SA-1,1,VIC-100000002e73bcb2/data,265.2,DEG_C
2024-04-01 09:43:50.008000+00:00,https://react2020.eu/device/VIC-GXHQ20503L3SA-1,1,VIC-100000002e73bcb2/data,264.7,DEG_C
2024-04-01 09:44:50.008000+00:00,https://react2020.eu/device/VIC-GXHQ20503L3SA-1,1,VIC-100000002e73bcb2/data,265.40000000000003,DEG_C
2024-04-01 09:45:50.015000+00:00,https://react2020.eu/device/VIC-GXHQ20503L3SA-1,1,VIC-100000002e73bcb2/data,265.3,DEG_C
2024-04-01 09:46:50.008000+00:00,https://react2020.eu/device/VIC-GXHQ20503L3SA-1,1,VIC-100000002e73bcb2/data,265.1,DEG_C
2024-04-01 09:47:50.009000+00:00,https://react2020.eu/device/VIC-GXHQ20503L3SA-1,1,VIC-100000002e73bcb2/data,265.1,DEG_C
2024-04-01 09:48:50.007000+00:00,https://react2020.eu/device/VIC-GXHQ20503L3SA-1,1,VIC-100000002e73bcb2/data,265.2,DEG_C
2024-04-01 09:49:50.010000+00:00,https://react2020.eu/device/VIC-GXHQ20503L3SA-1,1,VIC-100000002e73bcb2/data,265.1,DEG_C
2024-04-01 09:50:50.008000+00:00,https://react2020.eu/device/VIC-GXHQ20503L3SA-1,1,VIC-100000002e73bcb2/data,265.1,DEG_C
2024-04-01 09:51:50.009000+00:00,https://react2020.eu/device/VIC-GXHQ20503L3SA-1,1,VIC-100000002e73bcb2/data,264.6,DEG_C
2024-04-01 09:52:50.009000+00:00,https://react2020.eu/device/VIC-GXHQ20503L3SA-1,1,VIC-100000002e73bcb2/data,265.1,DEG_C
2024-04-01 09:53:50.011000+00:00,https://react2020.eu/device/VIC-GXHQ20503L3SA-1,1,VIC-100000002e73bcb2/data,265.0,DEG_C
2024-04-01 09:54:50.008000+00:00,https://react2020.eu/device/VIC-GXHQ20503L3SA-1,1,VIC-100000002e73bcb2/data,265.1,DEG_C
2024-04-01 09:55:50.010000+00:00,https://react2020.eu/device/VIC-GXHQ20503L3SA-1,1,VIC-100000002e73bcb2/data,265.1,DEG_C
2024-04-01 09:56:50.007000+00:00,https://react2020.eu/device/VIC-GXHQ20503L3SA-1,1,VIC-100000002e73bcb2/data,265.1,DEG_C
2024-04-01 09:57:50.009000+00:00,https://react2020.eu/device/VIC-GXHQ20503L3SA-1,1,VIC-100000002e73bcb2/data,265.1,DEG_C
2024-04-01 09:58:50.008000+00:00,https://react2020.eu/device/VIC-GXHQ20503L3SA-1,1,VIC-100000002e73bcb2/data,265.1,DEG_C
2024-04-01 09:59:50.007000+00:00,https://react2020.eu/device/VIC-GXHQ20503L3SA-1,1,VIC-100000002e73bcb2/data,265.1,DEG_C
2024-04-01 10:00:50.007000+00:00,https://react2020.eu/device/VIC-GXHQ20503L3SA-1,1,VIC-100000002e73bcb2/data,265.0,DEG_C
2024-04-01 10:01:50.010000+00:00,https://react2020.eu/device/VIC-GXHQ20503L3SA-1,1,VIC-100000002e73bcb2/data,265.1,DEG_C
2024-04-01 10:02:50.009000+00:00,https://react2020.eu/device/VIC-GXHQ20503L3SA-1,1,VIC-100000002e73bcb2/data,265.1,DEG_C
2024-04-01 10:03:50.008000+00:00,https://react2020.eu/device/VIC-GXHQ20503L3SA-1,1,VIC-100000002e73bcb2/data,265.0,DEG_C
2024-04-01 10:04:50.008000+00:00,https://react2020.eu/device/VIC-GXHQ20503L3SA-1,1,VIC-100000002e73bcb2/data,265.1,DEG_C
2024-04-01 10:05:50.020000+00:00,https://react2020.eu/device/VIC-GXHQ20503L3SA-1,1,VIC-100000002e73bcb2/data,265.1,DEG_C
2024-04-01 10:06:50.008000+00:00,https://react2020.eu/device/VIC-GXHQ20503L3SA-1,1,VIC-100000002e73bcb2/data,265.1,DEG_C
2024-04-01 10:07:50.021000+00:00,https://react2020.eu/device/VIC-GXHQ20503L3SA-1,1,VIC-100000002e73bcb2/data,265.0,DEG_C
2024-04-01 10:08:50.009000+00:00,https://react2020.eu/device/VIC-GXHQ20503L3SA-1,1,VIC-100000002e73bcb2/data,265.1,DEG_C
2024-04-01 10:09:50.010000+00:00,https://react2020.eu/device/VIC-GXHQ20503L3SA-1,1,VIC-100000002e73bcb2/data,265.1,DEG_C
2024-04-01 10:10:50.008000+00:00,https://react2020.eu/device/VIC-GXHQ20503L3SA-1,1,VIC-100000002e73bcb2/data,265.1,DEG_C
2024-04-01 10:11:50.009000+00:00,https://react2020.eu/device/VIC-GXHQ20503L3SA-1,1,VIC-100000002e73bcb2/data,265.1,DEG_C
2024-04-01 10:12:50.009000+00:00,https://react2020.eu/device/VIC-GXHQ20503L3SA-1,1,VIC-100000002e73bcb2/data,265.1,DEG_C
2024-04-01 10:13:50.011000+00:00,https://react2020.eu/device/VIC-GXHQ20503L3SA-1,1,VIC-100000002e73bcb2/data,265.1,DEG_C
2024-04-01 10:14:50.016000+00:00,https://react2020.eu/device/VIC-GXHQ20503L3SA-1,1,VIC-100000002e73bcb2/data,265.1,DEG_C
2024-04-01 10:15:50.008000+00:00,https://react2020.eu/device/VIC-GXHQ20503L3SA-1,1,VIC-100000002e73bcb2/data,265.1,DEG_C
2024-04-01 10:16:50.011000+00:00,https://react2020.eu/device/VIC-GXHQ20503L3SA-1,1,VIC-100000002e73bcb2/data,265.1,DEG_C
2024-04-01 10:17:50.010000+00:00,https://react2020.eu/device/VIC-GXHQ20503L3SA-1,1,VIC-100000002e73bcb2/data,265.1,DEG_C
2024-04-01 10:18:50.014000+00:00,https://react2020.eu/device/VIC-GXHQ20503L3SA-1,1,VIC-100000002e73bcb2/data,265.1,DEG_C
2024-04-01 10:19:50.007000+00:00,https://react2020.eu/device/VIC-GXHQ20503L3SA-1,1,VIC-100000002e73bcb2/data,265.1,DEG_C
2024-04-01 10:20:50.007000+00:00,https://react2020.eu/device/VIC-GXHQ20503L3SA-1,1,VIC-100000002e73bcb2/data,265.1,DEG_C
2024-04-01 10:21:50.015000+00:00,https://react2020.eu/device/VIC-GXHQ20503L3SA-1,1,VIC-100000002e73bcb2/data,265.1,DEG_C
2024-04-01 10:22:50.011000+00:00,https://react2020.eu/device/VIC-GXHQ20503L3SA-1,1,VIC-100000002e73bcb2/data,265.1,DEG_C
2024-04-01 10:23:50.008000+00:00,https://react2020.eu/device/VIC-GXHQ20503L3SA-1,1,VIC-100000002e73bcb2/data,265.1,DEG_C
2024-04-01 10:24:50.009000+00:00,https://react2020.eu/device/VIC-GXHQ20503L3SA-1,1,VIC-100000002e73bcb2/data,265.1,DEG_C
2024-04-01 10:25:50.010000+00:00,https://react2020.eu/device/VIC-GXHQ20503L3SA-1,1,VIC-100000002e73bcb2/data,265.1,DEG_C
2024-04-01 10:26:50.010000+00:00,https://react2020.eu/device/VIC-GXHQ20503L3SA-1,1,VIC-100000002e73bcb2/data,265.1,DEG_C
2024-04-01 10:27:50.009000+00:00,https://react2020.eu/device/VIC-GXHQ20503L3SA-1,1,VIC-100000002e73bcb2/data,265.1,DEG_C
2024-04-01 10:28:50.009000+00:00,https://react2020.eu/device/VIC-GXHQ20503L3SA-1,1,VIC-100000002e73bcb2/data,265.1,DEG_C
2024-04-01 10:29:50.011000+00:00,https://react2020.eu/device/VIC-GXHQ20503L3SA-1,1,VIC-100000002e73bcb2/data,265.0,DEG_C
2024-04-29 04:25:50.008000+00:00,https://react2020.eu/device/VIC-GXHQ20503L3SA-1,1,VIC-100000002e73bcb2/data,265.1,DEG_C
2024-04-29 04:26:50.009000+00:00,https://react2020.eu/device/VIC-GXHQ20503L3SA-1,1,VIC-100000002e73bcb2/data,265.1,DEG_C
2024-04-29 04:27:50.009000+00:00,https://react2020.eu/device/VIC-GXHQ20503L3SA-1,1,VIC-100000002e73bcb2/data,265.1,DEG_C
2024-04-29 04:28:50.011000+00:00,https://react2020.eu/device/VIC-GXHQ20503L3SA-1,1,VIC-100000002e73bcb2/data,265.1,DEG_C
2024-04-29 04:29:50.017000+00:00,https://react2020.eu/device/VIC-GXHQ20503L3SA-1,1,VIC-100000002e73bcb2/data,265.1,DEG_C
2024-04-29 04:30:50.009000+00:00,https://react2020.eu/device/VIC-GXHQ20503L3SA-1,1,VIC-100000002e73bcb2/data,265.1,DEG_C
2024-04-29 04:31:50.009000+00:00,https://react2020.eu/device/VIC-GXHQ20503L3SA-1,1,VIC-100000002e73bcb2/data,265.1,DEG_C
2024-04-29 04:32:50.011000+00:00,https://react2020.eu/device/VIC-GXHQ20503L3SA-1,1,VIC-100000002e73bcb2/data,265.1,DEG_C
2024-04-29 04:33:50.009000+00:00,https://react2020.eu/device/VIC-GXHQ20503L3SA-1,1,VIC-100000002e73bcb2/data,265.1,DEG_C
2024-04-29 04:34:50.014000+00:00,https://react2020.eu/device/VIC-GXHQ20503L3SA-1,1,VIC-100000002e73bcb2/data,265.1,DEG_C
2024-04-29 04:35:50.010000+00:00,https://react2020.eu/device/VIC-GXHQ20503L3SA-1,1,VIC-100000002e73bcb2/data,265.1,DEG_C
2024-04-29 04:36:50.015000+00:00,https://react2020.eu/device/VIC-GXHQ20503L3SA-1,1,VIC-100000002e73bcb2/data,265.1,DEG_C
2024-04-29 04:37:50.009000+00:00,https://react2020.eu/device/VIC-GXHQ20503L3SA-1,1,VIC-100000002e73bcb2/data,265.1,DEG_C
2024-04-29 04:38:50.009000+00:00,https://react2020.eu/device/VIC-GXHQ20503L3SA-1,1,VIC-100000002e73bcb2/data,265.1,DEG_C
2024-04-29 04:39:50.010000+00:00,https://react2020.eu/device/VIC-GXHQ20503L3SA-1,1,VIC-100000002e73bcb2/data,265.1,DEG_C
2024-04-29 04:40:50.008000+00:00,https://react2020.eu/device/VIC-GXHQ20503L3SA-1,1,VIC-100000002e73bcb2/data,265.1,DEG_C
2024-04-29 04:41:50.008000+00:00,https://react2020.eu/device/VIC-GXHQ20503L3SA-1,1,VIC-100000002e73bcb2/data,265.1,DEG_C
2024-04-29 04:42:50.009000+00:00,https://react2020.eu/device/VIC-GXHQ20503L3SA-1,1,VIC-100000002e73bcb2/data,265.1,DEG_C
2024-04-29 04:43:50.009000+00:00,https://react2020.eu/device/VIC-GXHQ20503L3SA-1,1,VIC-100000002e73bcb2/data,265.1,DEG_C
2024-04-29 04:44:50.013000+00:00,https://react2020.eu/device/VIC-GXHQ20503L3SA-1,1,VIC-100000002e73bcb2/data,265.1,DEG_C
2024-04-29 04:45:50.009000+00:00,https://react2020.eu/device/VIC-GXHQ20503L3SA-1,1,VIC-100000002e73bcb2/data,265.1,DEG_C
2024-04-29 04:46:50.009000+00:00,https://react2020.eu/device/VIC-GXHQ20503L3SA-1,1,VIC-100000002e73bcb2/data,265.1,DEG_C
2024-04-29 04:47:50.009000+00:00,https://react2020.eu/device/VIC-GXHQ20503L3SA-1,1,VIC-100000002e73bcb2/data,265.1,DEG_C
2024-04-29 04:48:50.016000+00:00,https://react2020.eu/device/VIC-GXHQ20503L3SA-1,1,VIC-100000002e73bcb2/data,265.1,DEG_C
2024-04-29 04:49:50.009000+00:00,https://react2020.eu/device/VIC-GXHQ20503L3SA-1,1,VIC-100000002e73bcb2/data,265.1,DEG_C
2024-04-29 04:50:50.009000+00:00,https://react2020.eu/device/VIC-GXHQ20503L3SA-1,1,VIC-100000002e73bcb2/data,265.1,DEG_C
2024-04-29 04:51:50.010000+00:00,https://react2020.eu/device/VIC-GXHQ20503L3SA-1,1,VIC-100000002e73bcb2/data,265.1,DEG_C
2024-04-29 04:52:50.015000+00:00,https://react2020.eu/device/VIC-GXHQ20503L3SA-1,1,VIC-100000002e73bcb2/data,265.1,DEG_C
2024-04-29 04:53:50.009000+00:00,https://react2020.eu/device/VIC-GXHQ20503L3SA-1,1,VIC-100000002e73bcb2/data,265.1,DEG_C
2024-04-29 04:54:50.009000+00:00,https://react2020.eu/device/VIC-GXHQ20503L3SA-1,1,VIC-100000002e73bcb2/data,265.1,DEG_C
2024-04-29 04:55:50.009000+00:00,https://react2020.eu/device/VIC-GXHQ20503L3SA-1,1,VIC-100000002e73bcb2/data,265.1,DEG_C
2024-04-29 04:56:50.009000+00:00,https://react2020.eu/device/VIC-GXHQ20503L3SA-1,1,VIC-100000002e73bcb2/data,265.1,DEG_C
2024-04-29 04:57:50.009000+00:00,https://react2020.eu/device/VIC-GXHQ20503L3SA-1,1,VIC-100000002e73bcb2/data,265.1,DEG_C
2024-04-29 04:58:50.009000+00:00,https://react2020.eu/device/VIC-GXHQ20503L3SA-1,1,VIC-100000002e73bcb2/data,265.1,DEG_C
2024-04-29 04:59:50.013000+00:00,https://react2020.eu/device/VIC-GXHQ20503L3SA-1,1,VIC-100000002e73bcb2/data,265.1,DEG_C
2024-04-29 05:00:50.009000+00:00,https://react2020.eu/device/VIC-GXHQ20503L3SA-1,1,VIC-100000002e73bcb2/data,265.1,DEG_C
2024-04-29 05:01:50.009000+00:00,https://react2020.eu/device/VIC-GXHQ20503L3SA-1,1,VIC-100000002e73bcb2/data,265.1,DEG_C
2024-04-29 05:02:50.009000+00:00,https://react2020.eu/device/VIC-GXHQ20503L3SA-1,1,VIC-100000002e73bcb2/data,265.1,DEG_C
2024-04-29 05:03:50.010000+00:00,https://react2020.eu/device/VIC-GXHQ20503L3SA-1,1,VIC-100000002e73bcb2/data,265.1,DEG_C
2024-04-29 05:04:50.012000+00:00,https://react2020.eu/device/VIC-GXHQ20503L3SA-1,1,VIC-100000002e73bcb2/data,265.1,DEG_C
2024-04-29 05:05:50.009000+00:00,https://react2020.eu/device/VIC-GXHQ20503L3SA-1,1,VIC-100000002e73bcb2/data,265.1,DEG_C
2024-04-29 05:06:50.009000+00:00,https://react2020.eu/device/VIC-GXHQ20503L3SA-1,1,VIC-100000002e73bcb2/data,265.1,DEG_C
2024-04-29 05:07:50.015000+00:00,https://react2020.eu/device/VIC-GXHQ20503L3SA-1,1,VIC-100000002e73bcb2/data,265.1,DEG_C
2024-04-29 05:08:50.010000+00:00,https://react2020.eu/device/VIC-GXHQ20503L3SA-1,1,VIC-100000002e73bcb2/data,265.1,DEG_C
2024-04-29 05:09:50.009000+00:00,https://react2020.eu/device/VIC-GXHQ20503L3SA-1,1,VIC-100000002e73bcb2/data,265.1,DEG_C
2024-04-29 05:10:50.009000+00:00,https://react2020.eu/device/VIC-GXHQ20503L3SA-1,1,VIC-100000002e73bcb2/data,265.1,DEG_C
2024-04-29 05:11:50.010000+00:00,https://react2020.eu/device/VIC-GXHQ20503L3SA-1,1,VIC-100000002e73bcb2/data,265.1,DEG_C
2024-04-29 05:12:50.010000+00:00,https://react2020.eu/device/VIC-GXHQ20503L3SA-1,1,VIC-100000002e73bcb2/data,265.1,DEG_C
2024-04-29 05:13:50.009000+00:00,https://react2020.eu/device/VIC-GXHQ20503L3SA-1,1,VIC-100000002e73bcb2/data,265.1,DEG_C
2024-04-29 05:14:50.008000+00:00,https://react2020.eu/device/VIC-GXHQ20503L3SA-1,1,VIC-100000002e73bcb2/data,265.1,DEG_C
2024-04-29 05:15:50.011000+00:00,https://react2020.eu/device/VIC-GXHQ20503L3SA-1,1,VIC-100000002e73bcb2/data,265.1,DEG_C
2024-04-29 05:16:50.009000+00:00,https://react2020.eu/device/VIC-GXHQ20503L3SA-1,1,VIC-100000002e73bcb2/data,265.1,DEG_C
